INSERT INTO user_credentials (email, password)
VALUES ('OlegNechytailo@gmail.com', '$2y$12$i0MX.XFnvoFsgz7Rw8pEaOfkFbItYTNW.0ebuMIX.GyYfnQMy1MhO');
INSERT INTO authority (email, authority_name)
VALUES ('OlegNechytailo@gmail.com', 'ROLE_DOCTOR');
INSERT INTO doctor (first_name, last_name, email, specialization_id, clinic_id, price)
VALUES ('Oleg', 'Nechytailo', 'OlegNechytailo@gmail.com', '1', '1', '100');
INSERT INTO doctor_working_hour(doctor_id, day_of_the_week, time)
VALUES ('1', '1', '08:00:00');
INSERT INTO doctor_working_hour(doctor_id, day_of_the_week, time)
VALUES ('1', '1', '08:20:00');
INSERT INTO doctor_working_hour(doctor_id, day_of_the_week, time)
VALUES ('1', '1', '08:40:00');
INSERT INTO doctor_working_hour(doctor_id, day_of_the_week, time)
VALUES ('1', '1', '09:00:00');
INSERT INTO doctor_working_hour(doctor_id, day_of_the_week, time)
VALUES ('1', '2', '12:00:00');
INSERT INTO doctor_working_hour(doctor_id, day_of_the_week, time)
VALUES ('1', '2', '12:20:00');
INSERT INTO doctor_working_hour(doctor_id, day_of_the_week, time)
VALUES ('1', '2', '12:40:00');
INSERT INTO doctor_working_hour(doctor_id, day_of_the_week, time)
VALUES ('1', '2', '13:00:00');


INSERT INTO user_credentials (email, password)
VALUES ('IvanKolyvan@gmail.com', '$2y$12$tmh1AecVsWiMGaxFj2WL2ezdqvQ16T/zDMBVcy7dXsTDuTnDIWkxy');
INSERT INTO authority (email, authority_name)
VALUES ('IvanKolyvan@gmail.com', 'ROLE_DOCTOR');
INSERT INTO doctor (first_name, last_name, email, specialization_id, clinic_id, price)
VALUES ('Ivan', 'Kolyvan', 'IvanKolyvan@gmail.com', '2', '1', '75');
INSERT INTO doctor_working_hour(doctor_id, day_of_the_week, time)
VALUES ('2', '2', '08:00:00');
INSERT INTO doctor_working_hour(doctor_id, day_of_the_week, time)
VALUES ('2', '2', '08:20:00');
INSERT INTO doctor_working_hour(doctor_id, day_of_the_week, time)
VALUES ('2', '2', '08:40:00');
INSERT INTO doctor_working_hour(doctor_id, day_of_the_week, time)
VALUES ('2', '2', '09:00:00');
INSERT INTO doctor_working_hour(doctor_id, day_of_the_week, time)
VALUES ('2', '3', '12:00:00');
INSERT INTO doctor_working_hour(doctor_id, day_of_the_week, time)
VALUES ('2', '3', '12:20:00');
INSERT INTO doctor_working_hour(doctor_id, day_of_the_week, time)
VALUES ('2', '3', '12:40:00');
INSERT INTO doctor_working_hour(doctor_id, day_of_the_week, time)
VALUES ('2', '3', '13:00:00');


INSERT INTO user_credentials (email, password)
VALUES ('AndriyZalizniak@gmail.com', '$2y$12$wsmLRyGvmG/9svtDB25Xw.wiOBSaeFGzOMERRY/jHtySyWtjcZZFO');
INSERT INTO authority (email, authority_name)
VALUES ('AndriyZalizniak@gmail.com', 'ROLE_DOCTOR');
INSERT INTO doctor (first_name, last_name, email, specialization_id, clinic_id, price)
VALUES ('Andriy', 'Zalizniak', 'AndriyZalizniak@gmail.com', '3', '1', '300');
INSERT INTO doctor_working_hour(doctor_id, day_of_the_week, time)
VALUES ('3', '3', '08:00:00');
INSERT INTO doctor_working_hour(doctor_id, day_of_the_week, time)
VALUES ('3', '3', '08:20:00');
INSERT INTO doctor_working_hour(doctor_id, day_of_the_week, time)
VALUES ('3', '3', '08:40:00');
INSERT INTO doctor_working_hour(doctor_id, day_of_the_week, time)
VALUES ('3', '3', '09:00:00');
INSERT INTO doctor_working_hour(doctor_id, day_of_the_week, time)
VALUES ('3', '4', '12:00:00');
INSERT INTO doctor_working_hour(doctor_id, day_of_the_week, time)
VALUES ('3', '4', '12:20:00');
INSERT INTO doctor_working_hour(doctor_id, day_of_the_week, time)
VALUES ('3', '4', '12:40:00');
INSERT INTO doctor_working_hour(doctor_id, day_of_the_week, time)
VALUES ('3', '4', '13:00:00');


INSERT INTO user_credentials (email, password)
VALUES ('AnastasiaPischanska@gmail.com', '$2y$12$yfngZkLwS1emGRif9WT7OOtYcHvcx0./1OfJryj7pJ9uHymi550rG');
INSERT INTO authority (email, authority_name)
VALUES ('AnastasiaPischanska@gmail.com', 'ROLE_DOCTOR');
INSERT INTO doctor (first_name, last_name, email, specialization_id, clinic_id, price)
VALUES ('Anastasia', 'Pischanska', 'AnastasiaPischanska@gmail.com', '4', '1', '250');
INSERT INTO doctor_working_hour(doctor_id, day_of_the_week, time)
VALUES ('4', '4', '17:00:00');
INSERT INTO doctor_working_hour(doctor_id, day_of_the_week, time)
VALUES ('4', '4', '17:20:00');
INSERT INTO doctor_working_hour(doctor_id, day_of_the_week, time)
VALUES ('4', '4', '17:40:00');
INSERT INTO doctor_working_hour(doctor_id, day_of_the_week, time)
VALUES ('4', '4', '18:00:00');
INSERT INTO doctor_working_hour(doctor_id, day_of_the_week, time)
VALUES ('4', '5', '11:00:00');
INSERT INTO doctor_working_hour(doctor_id, day_of_the_week, time)
VALUES ('4', '5', '11:20:00');
INSERT INTO doctor_working_hour(doctor_id, day_of_the_week, time)
VALUES ('4', '5', '11:40:00');
INSERT INTO doctor_working_hour(doctor_id, day_of_the_week, time)
VALUES ('4', '5', '12:00:00');


INSERT INTO user_credentials (email, password)
VALUES ('SvitlanaHoloven@gmail.com', '$2y$12$ZPxdz0YTw9kDDOiO8pZ.beUGQKi77KtX74Ugl8QkZF97m87/Nj4vm');
INSERT INTO authority (email, authority_name)
VALUES ('SvitlanaHoloven@gmail.com', 'ROLE_DOCTOR');
INSERT INTO doctor (first_name, last_name, email, specialization_id, clinic_id, price)
VALUES ('Svitlana', 'Holoven', 'SvitlanaHoloven@gmail.com', '6', '2', '500');
INSERT INTO doctor_working_hour(doctor_id, day_of_the_week, time)
VALUES ('5', '5', '08:00:00');
INSERT INTO doctor_working_hour(doctor_id, day_of_the_week, time)
VALUES ('5', '5', '08:20:00');
INSERT INTO doctor_working_hour(doctor_id, day_of_the_week, time)
VALUES ('5', '5', '08:40:00');
INSERT INTO doctor_working_hour(doctor_id, day_of_the_week, time)
VALUES ('5', '5', '09:00:00');
INSERT INTO doctor_working_hour(doctor_id, day_of_the_week, time)
VALUES ('5', '5', '12:00:00');
INSERT INTO doctor_working_hour(doctor_id, day_of_the_week, time)
VALUES ('5', '5', '12:20:00');
INSERT INTO doctor_working_hour(doctor_id, day_of_the_week, time)
VALUES ('5', '5', '12:40:00');
INSERT INTO doctor_working_hour(doctor_id, day_of_the_week, time)
VALUES ('5', '5', '13:00:00');


INSERT INTO user_credentials (email, password)
VALUES ('MykhailoSemitkin@gmail.com', '$2y$12$pvBvUI8JFYbp.DYK21C8QukKz3FW/sOSDSlDR.30CDp1Mp3JQNtX6');
INSERT INTO authority (email, authority_name)
VALUES ('MykhailoSemitkin@gmail.com', 'ROLE_DOCTOR');
INSERT INTO doctor (first_name, last_name, email, specialization_id, clinic_id, price)
VALUES ('Mykhailo', 'Semitkin', 'MykhailoSemitkin@gmail.com', '5', '2', '750');
INSERT INTO doctor_working_hour(doctor_id, day_of_the_week, time)
VALUES ('6', '6', '08:00:00');
INSERT INTO doctor_working_hour(doctor_id, day_of_the_week, time)
VALUES ('6', '6', '08:20:00');
INSERT INTO doctor_working_hour(doctor_id, day_of_the_week, time)
VALUES ('6', '6', '08:40:00');
INSERT INTO doctor_working_hour(doctor_id, day_of_the_week, time)
VALUES ('6', '6', '09:00:00');
INSERT INTO doctor_working_hour(doctor_id, day_of_the_week, time)
VALUES ('6', '7', '08:00:00');
INSERT INTO doctor_working_hour(doctor_id, day_of_the_week, time)
VALUES ('6', '7', '08:20:00');
INSERT INTO doctor_working_hour(doctor_id, day_of_the_week, time)
VALUES ('6', '7', '08:40:00');
INSERT INTO doctor_working_hour(doctor_id, day_of_the_week, time)
VALUES ('6', '7', '09:00:00');
