INSERT INTO user_credentials (email, password)
VALUES ('test_doctor1@gmail.com', '$2y$12$SiLh3fIQVu4gsFlhdIDTn.idR02rG6/hxxo9o7dfYRTAd0O6/avUK');
INSERT INTO authority (email, authority_name)
VALUES ('test_doctor1@gmail.com', 'ROLE_DOCTOR');
INSERT INTO doctor (first_name, last_name, email, specialization_id, clinic_id, price)
VALUES ('Oleg', 'Nechytailo', 'test_doctor1@gmail.com', '1', '1', '100');
INSERT INTO doctor_working_hour(doctor_id, day_of_the_week, time)
VALUES ('1', '1', '08:00:00');
INSERT INTO doctor_working_hour(doctor_id, day_of_the_week, time)
VALUES ('1', '1', '08:20:00');
INSERT INTO doctor_working_hour(doctor_id, day_of_the_week, time)
VALUES ('1', '1', '08:40:00');
INSERT INTO doctor_working_hour(doctor_id, day_of_the_week, time)
VALUES ('1', '1', '09:00:00');
INSERT INTO doctor_working_hour(doctor_id, day_of_the_week, time)
VALUES ('1', '2', '12:00:00');
INSERT INTO doctor_working_hour(doctor_id, day_of_the_week, time)
VALUES ('1', '2', '12:20:00');
INSERT INTO doctor_working_hour(doctor_id, day_of_the_week, time)
VALUES ('1', '2', '12:40:00');
INSERT INTO doctor_working_hour(doctor_id, day_of_the_week, time)
VALUES ('1', '2', '13:00:00');


INSERT INTO user_credentials (email, password)
VALUES ('test_doctor2@gmail.com', '$2y$12$tjMqGYf7gKNUAEM66uBkQuEtE8fETRLafLBOLribsfVnZxG9.Qze.');
INSERT INTO authority (email, authority_name)
VALUES ('test_doctor2@gmail.com', 'ROLE_DOCTOR');
INSERT INTO doctor (first_name, last_name, email, specialization_id, clinic_id, price)
VALUES ('Ivan', 'Kolyvan', 'test_doctor2@gmail.com', '2', '1', '75');
INSERT INTO doctor_working_hour(doctor_id, day_of_the_week, time)
VALUES ('2', '2', '08:00:00');
INSERT INTO doctor_working_hour(doctor_id, day_of_the_week, time)
VALUES ('2', '2', '08:20:00');
INSERT INTO doctor_working_hour(doctor_id, day_of_the_week, time)
VALUES ('2', '2', '08:40:00');
INSERT INTO doctor_working_hour(doctor_id, day_of_the_week, time)
VALUES ('2', '2', '09:00:00');
INSERT INTO doctor_working_hour(doctor_id, day_of_the_week, time)
VALUES ('2', '3', '12:00:00');
INSERT INTO doctor_working_hour(doctor_id, day_of_the_week, time)
VALUES ('2', '3', '12:20:00');
INSERT INTO doctor_working_hour(doctor_id, day_of_the_week, time)
VALUES ('2', '3', '12:40:00');
INSERT INTO doctor_working_hour(doctor_id, day_of_the_week, time)
VALUES ('2', '3', '13:00:00');


INSERT INTO user_credentials (email, password)
VALUES ('test_doctor3@gmail.com', '$2y$12$wINggZKCwWgFEphlFkKWZuzosE4TobDFesAWAFmEDyB7wIn3/skqy');
INSERT INTO authority (email, authority_name)
VALUES ('test_doctor3@gmail.com', 'ROLE_DOCTOR');
INSERT INTO doctor (first_name, last_name, email, specialization_id, clinic_id, price)
VALUES ('Andriy', 'Zalizniak', 'test_doctor3@gmail.com', '3', '1', '300');
INSERT INTO doctor_working_hour(doctor_id, day_of_the_week, time)
VALUES ('3', '3', '08:00:00');
INSERT INTO doctor_working_hour(doctor_id, day_of_the_week, time)
VALUES ('3', '3', '08:20:00');
INSERT INTO doctor_working_hour(doctor_id, day_of_the_week, time)
VALUES ('3', '3', '08:40:00');
INSERT INTO doctor_working_hour(doctor_id, day_of_the_week, time)
VALUES ('3', '3', '09:00:00');
INSERT INTO doctor_working_hour(doctor_id, day_of_the_week, time)
VALUES ('3', '4', '12:00:00');
INSERT INTO doctor_working_hour(doctor_id, day_of_the_week, time)
VALUES ('3', '4', '12:20:00');
INSERT INTO doctor_working_hour(doctor_id, day_of_the_week, time)
VALUES ('3', '4', '12:40:00');
INSERT INTO doctor_working_hour(doctor_id, day_of_the_week, time)
VALUES ('3', '4', '13:00:00');


INSERT INTO user_credentials (email, password)
VALUES ('test_doctor4@gmail.com', '$2y$12$5y261MVsYaBi7DeIn/BpO.acjGHFE63XVCsOwfyG5cgK/A4XuFnqm');
INSERT INTO authority (email, authority_name)
VALUES ('test_doctor4@gmail.com', 'ROLE_DOCTOR');
INSERT INTO doctor (first_name, last_name, email, specialization_id, clinic_id, price)
VALUES ('Anastasia', 'Pischanska', 'test_doctor4@gmail.com', '4', '1', '250');
INSERT INTO doctor_working_hour(doctor_id, day_of_the_week, time)
VALUES ('4', '4', '17:00:00');
INSERT INTO doctor_working_hour(doctor_id, day_of_the_week, time)
VALUES ('4', '4', '17:20:00');
INSERT INTO doctor_working_hour(doctor_id, day_of_the_week, time)
VALUES ('4', '4', '17:40:00');
INSERT INTO doctor_working_hour(doctor_id, day_of_the_week, time)
VALUES ('4', '4', '18:00:00');
INSERT INTO doctor_working_hour(doctor_id, day_of_the_week, time)
VALUES ('4', '5', '11:00:00');
INSERT INTO doctor_working_hour(doctor_id, day_of_the_week, time)
VALUES ('4', '5', '11:20:00');
INSERT INTO doctor_working_hour(doctor_id, day_of_the_week, time)
VALUES ('4', '5', '11:40:00');
INSERT INTO doctor_working_hour(doctor_id, day_of_the_week, time)
VALUES ('4', '5', '12:00:00');


INSERT INTO user_credentials (email, password)
VALUES ('test_doctor5@gmail.com', '$2y$12$QlSXZkvXVb8Atv6kNIMbfO66.fuMezRJder75Jz6dZY5iD3yiM4gq');
INSERT INTO authority (email, authority_name)
VALUES ('test_doctor5@gmail.com', 'ROLE_DOCTOR');
INSERT INTO doctor (first_name, last_name, email, specialization_id, clinic_id, price)
VALUES ('Svitlana', 'Holoven', 'test_doctor5@gmail.com', '6', '2', '500');
INSERT INTO doctor_working_hour(doctor_id, day_of_the_week, time)
VALUES ('5', '5', '08:00:00');
INSERT INTO doctor_working_hour(doctor_id, day_of_the_week, time)
VALUES ('5', '5', '08:20:00');
INSERT INTO doctor_working_hour(doctor_id, day_of_the_week, time)
VALUES ('5', '5', '08:40:00');
INSERT INTO doctor_working_hour(doctor_id, day_of_the_week, time)
VALUES ('5', '5', '09:00:00');
INSERT INTO doctor_working_hour(doctor_id, day_of_the_week, time)
VALUES ('5', '5', '12:00:00');
INSERT INTO doctor_working_hour(doctor_id, day_of_the_week, time)
VALUES ('5', '5', '12:20:00');
INSERT INTO doctor_working_hour(doctor_id, day_of_the_week, time)
VALUES ('5', '5', '12:40:00');
INSERT INTO doctor_working_hour(doctor_id, day_of_the_week, time)
VALUES ('5', '5', '13:00:00');


INSERT INTO user_credentials (email, password)
VALUES ('test_doctor6@gmail.com', '$2y$12$G6.lokD9Mu.gdiN.T9qQceR3NMKMxhwJ4mgl4TF5gc9g5XXJJk5LG');
INSERT INTO authority (email, authority_name)
VALUES ('test_doctor6@gmail.com', 'ROLE_DOCTOR');
INSERT INTO doctor (first_name, last_name, email, specialization_id, clinic_id, price)
VALUES ('Mykhailo', 'Semitkin', 'test_doctor6@gmail.com', '5', '2', '750');
INSERT INTO doctor_working_hour(doctor_id, day_of_the_week, time)
VALUES ('6', '6', '08:00:00');
INSERT INTO doctor_working_hour(doctor_id, day_of_the_week, time)
VALUES ('6', '6', '08:20:00');
INSERT INTO doctor_working_hour(doctor_id, day_of_the_week, time)
VALUES ('6', '6', '08:40:00');
INSERT INTO doctor_working_hour(doctor_id, day_of_the_week, time)
VALUES ('6', '6', '09:00:00');
INSERT INTO doctor_working_hour(doctor_id, day_of_the_week, time)
VALUES ('6', '7', '08:00:00');
INSERT INTO doctor_working_hour(doctor_id, day_of_the_week, time)
VALUES ('6', '7', '08:20:00');
INSERT INTO doctor_working_hour(doctor_id, day_of_the_week, time)
VALUES ('6', '7', '08:40:00');
INSERT INTO doctor_working_hour(doctor_id, day_of_the_week, time)
VALUES ('6', '7', '09:00:00');
